"path","md5","auth md5"
"/__init__.py",e54925e1ed3818adfd6c00bffa62f89d,07f2dead3bac69c65db162b2f4aba71c
"/lib.ini",a1cce2ac98eba673f6e71961a4ff31e0,11e6dc7524984763f9a73bfcb963cf6b
"/locale/readme.txt",06c4fce01453459edb43d2857ebcc873,c44a09c4f28517782589988dd758c62e
"/logic/admin.xml",f050ff8ee9022dfadec539569553e991,bafce501ac8557df3ddde024ca92ddba
"/logic/commands.xml",9ef6626de478f882576a4111385c87bc,8d13c512aacee10f82c5ecf9388f6f53
"/logic/content.xml",0fbac18967727b451861354888ba1577,2c4ae7a00159c3e5c81be18af5c23ede
"/logic/forms.xml",a53522c8b66e8b14ff4457f0728e3453,ee48a1ba7c860987989b99651862b943
"/logic/inserts.xml",d00c765a55930ed0bae1fda9bbe9e3c4,1db9a8bd48615b9a37d09e219d128662
"/logic/models.xml",0aa51f0937da4badae888d9f693ad6d2,893ca38b797c6800690ecef2ab2bc185
"/logic/preflight.xml",f63e3a98f81e4fc502e203115a151dec,ebc9f3219c2379566b4e819c484ea98c
"/logic/rpc.xml",5e61adf12cecd614b1def528ba1f0d2f,de12cada2066c4462ffefb95e28b9573
"/logic/signals.xml",8388a801db201e7f7ed3b555abad8fc3,e78a1200e4e72f0a758ea841f0255896
"/logic/tags.xml",7106e8371c25f5a581a0460ae259d8d3,879dae04d178cd8c303f4e18645e624c
"/logic/thumbs.xml",90d606b4589c9c7d5e7fa84f0ca56f0b,ff2653eeb6869f323a082c5c045c682f
"/logic/views.xml",1cf5cda1be60046ac92f20d94fa6d12c,831c90a2dddeda839d6b889a7dd0e87a
"/logic/widgets.xml",57014cf6f051f66236a4976583c472e3,149e1c4c027209047fbf86ce63627a23
"/media/css/draft.css",5054896d04be23035549306cacf59cdb,9e6e0f10b1784a30a113962cc1cb4fd5
"/media/css/wiki.css",bfe94c7c1d62d81894a3a6d0317ab864,117b627f7d1b6f3207ccb78340105ae6
"/media/js/wiki.js",dc1162179465f658a774d9dd9ec61f8d,213d63edd804a270050e44ebb5c18210
"/media/readme.txt",ca958e537f29bc260e179537ce151dba,77e93fe2d9cd8aa606d603a8dbe35e93
"/py/__init__.py",37bf205d03a48102a4fdfec1af227c6b,40708aeb94894fb19c6e8d369a3f206b
"/templates/moya.wiki/base.html",77d3998ca8435ea74fe990453cb2a376,69432e516f9da1716c5950146e332cbd
"/templates/moya.wiki/editor.html",a11a303fb38605302a9e93353673b5a5,bf56dc3a35875dca1519c7ef419e621a
"/templates/moya.wiki/editor/draft.html",4585c79c6ded35078e89d3f78b702927,16ec07626855dbd1a63db49aa682b494
"/templates/moya.wiki/form.html",8f4bc4472d69cf97c2591487d9966dcc,d11999b12090b47c081e70fd5fae8e4e
"/templates/moya.wiki/fragments/content.html",a81d59b0bd13a54388c59ce13ba14bbc,b7fc0ed27ca336627898d46218ce7ec7
"/templates/moya.wiki/fragments/toc.html",37d537773c726c86145538fab3572371,9eed6f66652c0bd9c543c2473e98f6a8
"/templates/moya.wiki/initial.md",8bccf0a0981ba6314b633c26949b8497,b644671096df3ae9e05a23319e25ce7b
"/templates/moya.wiki/inserts/image.html",d9bd999c2a8b6cdcc367d41861442481,764978fea9cc083a3d5735676f9bc099
"/templates/moya.wiki/markup/wiki.html",6e28bb35756e18f6c019805418a18b54,739c79f0bfe0e97ec601455f5b7abdfa
"/templates/moya.wiki/page.html",cf94518d723eea41a0933491f4fee3e3,acaf5b3f0ce293b2b0b5ce5bb1989ddc
"/templates/moya.wiki/pages/basic.html",00ec3ce1059f6391495e97c30af23aad,63306e7a5efa697a60369dd20eda2fcb
"/templates/moya.wiki/rpc/images.html",725e32bf172894fe3bb0eda3e7d453fa,78a0c5325a5dbf1734ae77951d8d69bd
"/templates/moya.wiki/rpc/preview.html",a48030d39f47e274f1eeff3c5fe507aa,a60e6db5fa20a3e9fef580e62aeebe42
"/templates/moya.wiki/rpc/search.html",b0f24775405aca4d853e6dd5d8045953,bf6d5d14cae12e71eacf5aa662e6e160
"/templates/moya.wiki/search.html",eb7b0557e5f91b50190f4baaa9b6822c,2f725e01cc1eab61dc1ab5ed0cfed994
"/templates/moya.wiki/search/header.html",c9399fa5232811723ead18790a12aede,757d4ade7658a4c770f19043901e0467
"/templates/moya.wiki/tag.html",8f4bc4472d69cf97c2591487d9966dcc,d11999b12090b47c081e70fd5fae8e4e
"/templates/moya.wiki/tag/header.html",6e725dafcc7cfce56ec0bd4a0657a031,ba41875930067bca64ff48642939d609
"/templates/moya.wiki/widgets/admin-panel.html",c824abbc3fff521c038543aa6702cec5,e79fae65a3527dd85bccaa28d0f8a272
"/templates/moya.wiki/widgets/readme.txt",3dbbc17a918596cb8b229d7d55bb33b9,e155f352f63950a54b4ac0bfa6bd35a8
"/templates/moya.wiki/widgets/revision.html",2f4169fa26ad87c2995478fe888bf0a7,237ae26ef6cc40811af4ee6d18362210
"/templates/moya.wiki/widgets/search_result.html",f48b3f4561628b49d8750f24b5d87521,7dd075aa93992eda64496c14d34c5d78
"/templates/moya.wiki/widgets/tag.html",9dc79e63c15d5128fe1fb930b66dffa9,83ee8775d9d9398e13db101669c65fc8